"sp","p","elev"
"Dry",8.09019400858734e-08,0
"Dry",1.13718423901409e-07,1
"Dry",1.59105600392498e-07,2
"Dry",2.21576061746588e-07,3
"Dry",3.07144643762789e-07,4
"Dry",4.23785199018118e-07,5
"Dry",5.82011210389598e-07,6
"Dry",7.95608906007001e-07,7
"Dry",1.082556657095e-06,8
"Dry",1.4661700270333e-06,9
"Dry",1.97651779490594e-06,10
"Dry",2.65216044470806e-06,11
"Dry",3.54226876866382e-06,12
"Dry",4.70918607613319e-06,13
"Dry",6.23150263394801e-06,14
"Dry",8.20771489593222e-06,15
"Dry",1.07605442103657e-05,16
"Dry",1.40419893206834e-05,17
"Dry",1.82391832941909e-05,18
"Dry",2.3581117638841e-05,19
"Dry",3.03462833517595e-05,20
"Dry",3.88712595136463e-05,21
"Dry",4.95602538534841e-05,22
"Dry",6.28955655983898e-05,23
"Dry",7.94488981973234e-05,24
"Dry",9.98933977200629e-05,25
"Dry",0.000125016231790819,26
"Dry",0.00015573145418308,27
"Dry",0.000193092822608565,28
"Dry",0.000238306153378045,29
"Dry",0.000292740708855341,30
"Dry",0.00035793902515707,31
"Dry",0.00043562450242225,32
"Dry",0.000527706003092405,33
"Dry",0.00063627864069267,34
"Dry",0.000763619898920724,35
"Dry",0.000912180205194015,36
"Dry",0.00108456710106256,37
"Dry",0.00128352221068548,38
"Dry",0.00151189031377948,39
"Dry",0.00177257998568609,40
"Dry",0.00206851547722263,41
"Dry",0.00240257977107858,42
"Dry",0.00277754906698509,43
"Dry",0.00319601930854089,44
"Dry",0.00366032576045885,45
"Dry",0.00417245706227059,46
"Dry",0.00473396560567143,47
"Dry",0.00534587648701364,48
"Dry",0.00600859765095685,49
"Dry",0.00672183414184233,50
"Dry",0.00748450959223498,51
"Dry",0.00829469818161217,52
"Dry",0.00914957027458024,53
"Dry",0.0100453547850318,54
"Dry",0.010977321005113,55
"Dry",0.0119397821885894,56
"Dry",0.0129261225985393,57
"Dry",0.0139288490389311,58
"Dry",0.0149396671156494,59
"Dry",0.0159495816478513,60
"Dry",0.0169490198119002,61
"Dry",0.0179279747855939,62
"Dry",0.0188761669068834,63
"Dry",0.0197832187020759,64
"Dry",0.0206388396013528,65
"Dry",0.0214330157649779,66
"Dry",0.0221562002046237,67
"Dry",0.0227994983056726,68
"Dry",0.0233548439356238,69
"Dry",0.0238151615519884,70
"Dry",0.0241745100865124,71
"Dry",0.0244282048640483,72
"Dry",0.024572914394832,73
"Dry",0.0246067295385477,74
"Dry",0.0245292032578357,75
"Dry",0.0243413599389794,76
"Dry",0.024045674040329,77
"Dry",0.0236460186171048,78
"Dry",0.0231475850472173,79
"Dry",0.0225567760289803,80
"Dry",0.0218810746197218,81
"Dry",0.0211288927151637,82
"Dry",0.0203094029133313,83
"Dry",0.0194323581440635,84
"Dry",0.0185079037574117,85
"Dry",0.0175463869353356,86
"Dry",0.0165581683090809,87
"Dry",0.0155534405229515,88
"Dry",0.0145420581841144,89
"Dry",0.0135333831855713,90
"Dry",0.0125361488014341,91
"Dry",0.0115583452537194,92
"Dry",0.0106071286681598,93
"Dry",0.00968875450800815,94
"Dry",0.00880853573713569,95
"Dry",0.00797082515473914,96
"Dry",0.00717902059919228,97
"Dry",0.00643559106886213,98
"Dry",0.00574212127738622,99
"Dry",0.00509937176644008,100
"Dry",0.00450735144841861,101
"Dry",0.00396539934428958,102
"Dry",0.00347227231004017,103
"Dry",0.0030262356940151,104
"Dry",0.00262515411751411,105
"Dry",0.00226657989958943,106
"Dry",0.00194783702997981,107
"Dry",0.00166609900769077,108
"Dry",0.00141845928466263,109
"Dry",0.00120199346472733,110
"Dry",0.00101381279153144,111
"Dry",0.000851108802974462,112
"Dry",0.000711189325528294,113
"Dry",0.000591506224795018,114
"Dry",0.000489675517360775,115
"Dry",0.000403490584746192,116
"Dry",0.000330929316590118,117
"Dry",0.000270156052312353,118
"Dry",0.000219519194617493,119
"Dry",0.000177545341103192,120
"Dry",0.000142930728800029,121
"Dry",0.00011453071732146,122
"Dry",9.13479555414836e-05,123
"Dry",7.25197897380567e-05,124
"Dry",5.73053825161298e-05,125
"Dry",4.50729252675789e-05,126
"Dry",3.52872452930086e-05,127
"Dry",2.74980340542186e-05,128
"Dry",2.13288566705061e-05,129
"Dry",1.64670454116736e-05,130
"Pmal",6.53215127438172e-07,0
"Pmal",9.00462246736258e-07,1
"Pmal",1.23554193757213e-06,2
"Pmal",1.68745487204541e-06,3
"Pmal",2.29397943944514e-06,4
"Pmal",3.10405588309178e-06,5
"Pmal",4.18073048030518e-06,6
"Pmal",5.60476495027237e-06,7
"Pmal",7.47902847596662e-06,8
"Pmal",9.93380114878366e-06,9
"Pmal",1.31331274569084e-05,10
"Pmal",1.72823656054642e-05,11
"Pmal",2.26370817293916e-05,12
"Pmal",2.95134359765094e-05,13
"Pmal",3.8300198336511e-05,14
"Pmal",4.94725141413195e-05,15
"Pmal",6.36075104160121e-05,16
"Pmal",8.14017927290687e-05,17
"Pmal",0.000103690825949217,18
"Pmal",0.000131470119629527,19
"Pmal",0.000165918048226511,20
"Pmal",0.000208420027182248,21
"Pmal",0.000260593637962906,22
"Pmal",0.000324314149350534,23
"Pmal",0.000401739720737509,24
"Pmal",0.000495335399433626,25
"Pmal",0.000607894843278337,26
"Pmal",0.000742558519185028,27
"Pmal",0.000902826956566132,28
"Pmal",0.00109256748272777,29
"Pmal",0.00131601274786128,30
"Pmal",0.00157774927421883,31
"Pmal",0.00188269425240249,32
"Pmal",0.00223605887259675,33
"Pmal",0.00264329663448021,34
"Pmal",0.00311003533900467,35
"Pmal",0.00364199183751285,36
"Pmal",0.00424486910332412,37
"Pmal",0.00492423579624878,38
"Pmal",0.00568538920216531,39
"Pmal",0.00653320322974177,40
"Pmal",0.0074719640071736,41
"Pmal",0.00850519650670381,42
"Pmal",0.00963548648853451,43
"Pmal",0.0108643028468275,44
"Pmal",0.0121918261034412,45
"Pmal",0.013616789274563,46
"Pmal",0.0151363375807199,47
"Pmal",0.0167459134403573,48
"Pmal",0.0184391728537749,49
"Pmal",0.0202079386380508,50
"Pmal",0.0220421950255078,51
"Pmal",0.0239301269205135,52
"Pmal",0.0258582056745129,53
"Pmal",0.0278113216568207,54
"Pmal",0.0297729622505879,55
"Pmal",0.0317254322768535,56
"Pmal",0.0336501123305058,57
"Pmal",0.0355277491775525,58
"Pmal",0.0373387712758317,59
"Pmal",0.0390636216845133,60
"Pmal",0.0406831001430722,61
"Pmal",0.0421787059278115,62
"Pmal",0.043532973213707,63
"Pmal",0.0447297910458576,64
"Pmal",0.0457547006120306,65
"Pmal",0.0465951632546436,66
"Pmal",0.0472407935166342,67
"Pmal",0.0476835524360135,68
"Pmal",0.0479178972524532,69
"Pmal",0.0479408846409486,70
"Pmal",0.0477522255287509,71
"Pmal",0.0473542904788835,72
"Pmal",0.0467520655409863,73
"Pmal",0.0459530593866017,74
"Pmal",0.0449671634704778,75
"Pmal",0.0438064678975401,76
"Pmal",0.0424850366253793,77
"Pmal",0.0410186465830684,78
"Pmal",0.0394244962162872,79
"Pmal",0.0377208898423308,80
"Pmal",0.0359269049732978,81
"Pmal",0.0340620503919734,82
"Pmal",0.0321459231913164,83
"Pmal",0.0301978731673233,84
"Pmal",0.028236682848126,85
"Pmal",0.0262802710259386,86
"Pmal",0.024345426928299,87
"Pmal",0.022447581137846,88
"Pmal",0.0206006180843519,89
"Pmal",0.0188167334475589,90
"Pmal",0.0171063381990685,91
"Pmal",0.0154780093606311,92
"Pmal",0.0139384859523066,93
"Pmal",0.0124927071306691,94
"Pmal",0.0111438882472511,95
"Pmal",0.00989362954737876,96
"Pmal",0.00874205151625298,97
"Pmal",0.00768795047802832,98
"Pmal",0.00672896795938055,99
"Pmal",0.00586176751769872,100
"Pmal",0.00508221316681562,101
"Pmal",0.0043855441609637,102
"Pmal",0.00376654166570132,103
"Pmal",0.00321968369718636,104
"Pmal",0.00273928559559665,105
"Pmal",0.00231962416794627,106
"Pmal",0.00195504445134849,107
"Pmal",0.00164004878044686,108
"Pmal",0.00136936847221367,109
"Pmal",0.00113801895645068,110
"Pmal",0.000941339577875297,111
"Pmal",0.000775019578953661,112
"Pmal",0.000635111950032625,113
"Pmal",0.000518036916782175,114
"Pmal",0.000420576838628048,115
"Pmal",0.00033986423083789,116
"Pmal",0.000273364512299355,117
"Pmal",0.000218854935072024,118
"Pmal",0.000174400983432081,119
"Pmal",0.000138331350587442,120
"Pmal",0.000109212419872887,121
"Pmal",8.58230014784407e-05,122
"Pmal",6.71299112159155e-05,123
"Pmal",5.22648283898735e-05,124
"Pmal",4.05027379160342e-05,125
"Pmal",3.12421485596957e-05,126
"Pmal",2.39871846537259e-05,127
"Pmal",1.83315722041697e-05,128
"Pmal",1.39444806207474e-05,129
"Pmal",1.05581367473809e-05,130
"Ptom",9.52785855244514e-06,0
"Ptom",1.28693178953127e-05,1
"Ptom",1.73020685168199e-05,2
"Ptom",2.31538201062612e-05,3
"Ptom",3.08410552677958e-05,4
"Ptom",4.08900388868923e-05,5
"Ptom",5.39619020726539e-05,6
"Ptom",7.08823403877245e-05,7
"Ptom",9.26764683593655e-05,8
"Ptom",0.000120609351149094,9
"Ptom",0.000156232682824799,10
"Ptom",0.00020143799129356,11
"Ptom",0.00025851661446665,12
"Ptom",0.00033022650228404,13
"Ptom",0.000419865646688668,14
"Ptom",0.000531351619166792,15
"Ptom",0.000669306297234259,16
"Ptom",0.00083914438383888,17
"Ptom",0.00104716376714021,18
"Ptom",0.00130063513731158,19
"Ptom",0.00160788758276337,20
"Ptom",0.0019783861489227,21
"Ptom",0.00242279658579721,22
"Ptom",0.00295303177360185,23
"Ptom",0.00358227364747066,24
"Ptom",0.0043249639028339,25
"Ptom",0.00519675642323315,26
"Ptom",0.00621442431164207,27
"Ptom",0.00739571470912551,28
"Ptom",0.00875914533437103,29
"Ptom",0.0103237379488148,30
"Ptom",0.0121086858002407,31
"Ptom",0.0141329545474349,32
"Ptom",0.0164148192008404,33
"Ptom",0.0189713431549969,34
"Ptom",0.0218178092994077,35
"Ptom",0.0249671172686389,36
"Ptom",0.0284291648587021,37
"Ptom",0.0322102351724492,38
"Ptom",0.0363124138113734,39
"Ptom",0.0407330620600477,40
"Ptom",0.0454643722138459,41
"Ptom",0.0504930297713376,42
"Ptom",0.0558000040692052,43
"Ptom",0.0613604841561279,44
"Ptom",0.067143970527242,45
"Ptom",0.0731145261742428,46
"Ptom",0.0792311827733586,47
"Ptom",0.08544849033013,48
"Ptom",0.0917171918263669,49
"Ptom",0.0979849989062801,50
"Ptom",0.104197440804904,51
"Ptom",0.110298756801455,52
"Ptom",0.116232802520946,53
"Ptom",0.121943942270716,54
"Ptom",0.127377902987667,55
"Ptom",0.132482569877037,56
"Ptom",0.137208708975131,57
"Ptom",0.141510607192221,58
"Ptom",0.145346625455078,59
"Ptom",0.148679665015368,60
"Ptom",0.151477550561456,61
"Ptom",0.153713336312309,62
"Ptom",0.155365542727494,63
"Ptom",0.15641833186808,64
"Ptom",0.156861628891081,65
"Ptom",0.156691195808842,66
"Ptom",0.155908661685319,67
"Ptom",0.1545215110873,68
"Ptom",0.152543030087299,69
"Ptom",0.149992206657972,70
"Ptom",0.146893580135597,71
"Ptom",0.143277032783097,72
"Ptom",0.13917751555394,73
"Ptom",0.134634700118972,74
"Ptom",0.129692550196039,75
"Ptom",0.124398807281611,76
"Ptom",0.118804389009663,77
"Ptom",0.112962702446158,78
"Ptom",0.106928879454915,79
"Ptom",0.100758946528115,80
"Ptom",0.0945089467598866,81
"Ptom",0.0882340364936004,82
"Ptom",0.0819875831145006,83
"Ptom",0.0758202930459995,84
"Ptom",0.0697793998869225,85
"Ptom",0.0639079415845628,86
"Ptom",0.0582441525374587,87
"Ptom",0.052820991717192,88
"Ptom",0.047665821627932,89
"Ptom",0.0428002456719666,90
"Ptom",0.0382401038388169,91
"Ptom",0.0339956191910565,92
"Ptom",0.0300716809459349,93
"Ptom",0.0264682445105497,94
"Ptom",0.0231808249366911,95
"Ptom",0.0202010580706846,96
"Ptom",0.0175173031701784,97
"Ptom",0.0151152617875049,98
"Ptom",0.0129785900138726,99
"Ptom",0.0110894844106682,100
"Ptom",0.00942922577100626,101
"Ptom",0.0079786689177816,102
"Ptom",0.00671867075753872,103
"Ptom",0.00563045253606353,104
"Ptom",0.00469589551300302,105
"Ptom",0.00389777198710218,106
"Ptom",0.00321991571868477,107
"Ptom",0.00264733731857397,108
"Ptom",0.0021662911460239,109
"Ptom",0.00176430074984474,110
"Ptom",0.00143014997737938,111
"Ptom",0.00115384665013607,112
"Ptom",0.000926565244930602,113
"Ptom",0.000740574400352602,114
"Ptom",0.000589154355283311,115
"Ptom",0.000466508672874309,116
"Ptom",0.000367673852320936,117
"Ptom",0.000288429713716203,118
"Ptom",0.000225212780478369,119
"Ptom",0.000175034293357472,120
"Ptom",0.000135403977166981,121
"Ptom",0.000104260248168054,122
"Ptom",7.99071944527485e-05,123
"Ptom",6.09583788570282e-05,124
"Ptom",4.62872971159764e-05,125
"Ptom",3.49841652898836e-05,126
"Ptom",2.63186016214777e-05,127
"Ptom",1.97077006458714e-05,128
"Ptom",1.4688963671468e-05,129
"Ptom",1.08975424254461e-05,130
"Sacu",6.67594442345925e-09,0
"Sacu",9.68073082210737e-09,1
"Sacu",1.39728925931507e-08,2
"Sacu",2.00746157439361e-08,3
"Sacu",2.87072046328359e-08,4
"Sacu",4.08617829390785e-08,5
"Sacu",5.78930543077331e-08,6
"Sacu",8.16428872037253e-08,7
"Sacu",1.14602208638288e-07,8
"Sacu",1.60121761757051e-07,9
"Sacu",2.22684746456897e-07,10
"Sacu",3.08257260296089e-07,11
"Sacu",4.2473582155371e-07,12
"Sacu",5.82515107456049e-07,13
"Sacu",7.95203379696481e-07,14
"Sacu",1.0805178716801e-06,15
"Sacu",1.46139761792575e-06,16
"Sacu",1.96737671184934e-06,17
"Sacu",2.63626662499938e-06,18
"Sacu",3.51620178442058e-06,19
"Sacu",4.66810778490554e-06,20
"Sacu",6.16865602392295e-06,21
"Sacu",8.11377171112725e-06,22
"Sacu",1.06227635477534e-05,23
"Sacu",1.38431422253796e-05,24
"Sacu",1.79561905029937e-05,25
"Sacu",2.31833391592272e-05,26
"Sacu",2.97933897102399e-05,27
"Sacu",3.81106055505375e-05,28
"Sacu",4.85236672699099e-05,29
"Sacu",6.14954545797173e-05,30
"Sacu",7.75735759727718e-05,31
"Sacu",9.74015176255466e-05,32
"Sacu",0.000121730225159846,33
"Sacu",0.000151429866189297,34
"Sacu",0.000187501449102853,35
"Sacu",0.000231087895935613,36
"Sacu",0.000283484086809516,37
"Sacu",0.000346145313419164,38
"Sacu",0.000420693503299212,39
"Sacu",0.000508920509803839,40
"Sacu",0.00061278771019494,41
"Sacu",0.000734421121841216,42
"Sacu",0.000876101240451899,43
"Sacu",0.00104024683069529,44
"Sacu",0.00122939196431275,45
"Sacu",0.0014461557089603,46
"Sacu",0.00169320402622121,47
"Sacu",0.00197320364143834,48
"Sacu",0.00228876790077213,49
"Sacu",0.00264239492893284,50
"Sacu",0.00303639873789792,51
"Sacu",0.00347283430271283,52
"Sacu",0.0039534180018511,53
"Sacu",0.00447944520003511,54
"Sacu",0.00505170711168515,55
"Sacu",0.00567040940222938,56
"Sacu",0.00633509524063112,57
"Sacu",0.00704457568860541,58
"Sacu",0.00779687038124001,59
"Sacu",0.00858916140502193,60
"Sacu",0.00941776310276464,61
"Sacu",0.0102781102272744,62
"Sacu",0.0111647664307293,63
"Sacu",0.0120714545262296,64
"Sacu",0.0129911093107011,65
"Sacu",0.0139159530196427,66
"Sacu",0.0148375927244362,67
"Sacu",0.0157471382155632,68
"Sacu",0.0166353381745154,69
"Sacu",0.0174927317566114,70
"Sacu",0.0183098121161704,71
"Sacu",0.0190771979292675,72
"Sacu",0.0197858086260245,73
"Sacu",0.0204270388454594,74
"Sacu",0.0209929275756644,75
"Sacu",0.0214763175382384,76
"Sacu",0.0218710006104862,77
"Sacu",0.0221718454394692,78
"Sacu",0.0223749038728308,79
"Sacu",0.0224774933947632,80
"Sacu",0.0224782533928784,81
"Sacu",0.0223771737742511,82
"Sacu",0.0221755951778795,83
"Sacu",0.0218761807779781,84
"Sacu",0.0214828604198157,85
"Sacu",0.0210007485591981,86
"Sacu",0.0204360381698739,87
"Sacu",0.0197958734215029,88
"Sacu",0.0190882044955025,89
"Sacu",0.0183216283784466,90
"Sacu",0.0175052198350182,91
"Sacu",0.0166483569990898,92
"Sacu",0.0157605461197882,93
"Sacu",0.014851249951361,94
"Sacu",0.0139297240789354,95
"Sacu",0.0130048651310642,96
"Sacu",0.0120850743555995,97
"Sacu",0.0111781394462044,98
"Sacu",0.010291136827372,99
"Sacu",0.00943035586591727,100
"Sacu",0.00860124570968235,101
"Sacu",0.00780838469405786,102
"Sacu",0.00705547153738865,103
"Sacu",0.00634533689779058,104
"Sacu",0.00567997331179373,105
"Sacu",0.00506058109853591,106
"Sacu",0.0044876275036319,107
"Sacu",0.00396091617839175,108
"Sacu",0.00347966403950152,109
"Sacu",0.00304258262186587,110
"Sacu",0.00264796120802626,111
"Sacu",0.00229374927259182,112
"Sacu",0.00197763609840789,113
"Sacu",0.00169712578099667,114
"Sacu",0.0014496062180769,115
"Sacu",0.00123241106246144,116
"Sacu",0.00104287398275742,117
"Sacu",0.000878374913667934,118
"Sacu",0.000736378276370862,119
"Sacu",0.000614463402913601,120
"Sacu",0.000510347603500281,121
"Sacu",0.000421902471480663,122
"Sacu",0.000347164129648813,123
"Sacu",0.00028433818683193,124
"Sacu",0.000231800200705493,125
"Sacu",0.000188092437131671,126
"Sacu",0.000151917684269601,127
"Sacu",0.000122130827428118,128
"Sacu",9.7728823997438e-05,129
"Sacu",7.78396421545111e-05,130
"Sbec",3.37270412132131e-14,0
"Sbec",5.7291546215763e-14,1
"Sbec",9.68691721637499e-14,2
"Sbec",1.63028441961393e-13,3
"Sbec",2.73101391346877e-13,4
"Sbec",4.5537291125245e-13,5
"Sbec",7.55776208725066e-13,6
"Sbec",1.2485386348201e-12,7
"Sbec",2.0530215107549e-12,8
"Sbec",3.36022035786371e-12,9
"Sbec",5.4742517063134e-12,10
"Sbec",8.87696507079504e-12,11
"Sbec",1.43280472316989e-11,12
"Sbec",2.30193068833843e-11,13
"Sbec",3.6811221258137e-11,14
"Sbec",5.85937041572424e-11,15
"Sbec",9.28334363705699e-11,16
"Sbec",1.46399854307775e-10,17
"Sbec",2.29805070600991e-10,18
"Sbec",3.59055277466263e-10,19
"Sbec",5.58400459079076e-10,20
"Sbec",8.64396428246084e-10,21
"Sbec",1.33187327775662e-09,22
"Sbec",2.04265768370029e-09,23
"Sbec",3.1182506623129e-09,24
"Sbec",4.73815429473392e-09,25
"Sbec",7.16621971590798e-09,26
"Sbec",1.07883191128859e-08,27
"Sbec",1.61659113523537e-08,28
"Sbec",2.41117840573904e-08,29
"Sbec",3.5796555689239e-08,30
"Sbec",5.2897589191563e-08,31
"Sbec",7.7806030525308e-08,32
"Sbec",1.13913023449873e-07,33
"Sbec",1.6600311463439e-07,34
"Sbec",2.40791875379159e-07,35
"Sbec",3.47656339178935e-07,36
"Sbec",4.99621595063611e-07,37
"Sbec",7.14685494843647e-07,38
"Sbec",1.01758674388168e-06,39
"Sbec",1.44215056939081e-06,40
"Sbec",2.03438171049109e-06,41
"Sbec",2.85651773532351e-06,42
"Sbec",3.9923077836971e-06,43
"Sbec",5.55384386269201e-06,44
"Sbec",7.69034479723247e-06,45
"Sbec",1.05993776712242e-05,46
"Sbec",1.45410985707374e-05,47
"Sbec",1.98562036441057e-05,48
"Sbec",2.69884022060281e-05,49
"Sbec",3.6512354165917e-05,50
"Sbec",4.91681515527335e-05,51
"Sbec",6.59035638803887e-05,52
"Sbec",8.79254031786119e-05,53
"Sbec",0.000116761488042707,54
"Sbec",0.000154334785692148,55
"Sbec",0.000203051372376704,56
"Sbec",0.000265903857738786,57
"Sbec",0.000346591846483252,58
"Sbec",0.000449660835681612,59
"Sbec",0.000580660639281167,60
"Sbec",0.000746323960568518,61
"Sbec",0.000954765063522076,62
"Sbec",0.00121569758899833,63
"Sbec",0.0015406693862052,64
"Sbec",0.00194331075255672,65
"Sbec",0.00243959067272625,66
"Sbec",0.00304807351164536,67
"Sbec",0.00379016615919459,68
"Sbec",0.00469034289032513,69
"Sbec",0.00577633227921209,70
"Sbec",0.00707924752944365,71
"Sbec",0.00863363875921743,72
"Sbec",0.0104774433906807,73
"Sbec",0.0126518091941059,74
"Sbec",0.0152007641620319,75
"Sbec",0.0181707087214965,76
"Sbec",0.0216097093362175,77
"Sbec",0.0255665787639223,78
"Sbec",0.0300897374497083,79
"Sbec",0.0352258628589523,80
"Sbec",0.0410183487490335,81
"Sbec",0.0475056137754637,82
"Sbec",0.0547193172498175,83
"Sbec",0.0626825576389204,84
"Sbec",0.0714081444385166,85
"Sbec",0.080897044095249,86
"Sbec",0.0911371035288525,87
"Sbec",0.102102148859454,88
"Sbec",0.11375154139292,89
"Sbec",0.126030248167099,90
"Sbec",0.138869452140962,91
"Sbec",0.152187690365197,92
"Sbec",0.165892471026187,93
"Sbec",0.179882286244575,94
"Sbec",0.194048910742608,95
"Sbec",0.208279859835899,96
"Sbec",0.222460875136482,97
"Sbec",0.236478312796131,98
"Sbec",0.250221325545761,99
"Sbec",0.263583753582206,100
"Sbec",0.276465667317866,101
"Sbec",0.28877453389272,102
"Sbec",0.30042600631281,103
"Sbec",0.311344357003815,104
"Sbec",0.321462595186062,105
"Sbec",0.330722319351102,106
"Sbec",0.339073362502131,107
"Sbec",0.346473289449207,108
"Sbec",0.352886803333667,109
"Sbec",0.358285113779884,110
"Sbec",0.362645312652538,111
"Sbec",0.365949796184724,112
"Sbec",0.368185764874869,113
"Sbec",0.369344825444925,114
"Sbec",0.369422712520212,115
"Sbec",0.368419141572503,116
"Sbec",0.366337798970783,117
"Sbec",0.363186469528905,118
"Sbec",0.358977296501033,119
"Sbec",0.353727163326043,120
"Sbec",0.347458180372125,121
"Sbec",0.340198253375764,122
"Sbec",0.331981703223299,123
"Sbec",0.322849899373164,124
"Sbec",0.312851861947508,125
"Sbec",0.302044780940335,126
"Sbec",0.290494395916555,127
"Sbec",0.278275177010524,128
"Sbec",0.265470249056004,129
"Sbec",0.252171006323333,130
"Sfal",2.55535047877444e-11,0
"Sfal",3.9507642032513e-11,1
"Sfal",6.07987276642027e-11,2
"Sfal",9.3130217348037e-11,3
"Sfal",1.41993834389497e-10,4
"Sfal",2.15491975401794e-10,5
"Sfal",3.25518340258289e-10,6
"Sfal",4.89443502475216e-10,7
"Sfal",7.32508076141789e-10,8
"Sfal",1.09120164472682e-09,9
"Sfal",1.61800683284501e-09,10
"Sfal",2.38802261571196e-09,11
"Sfal",3.50815896500395e-09,12
"Sfal",5.12982840228459e-09,13
"Sfal",7.46636394828649e-09,14
"Sfal",1.08167855161109e-08,15
"Sfal",1.55980398278164e-08,16
"Sfal",2.23884782549951e-08,17
"Sfal",3.19861426587505e-08,18
"Sfal",4.54864357327092e-08,19
"Sfal",6.43849981100376e-08,20
"Sfal",9.0713141823559e-08,21
"Sfal",1.27215043535842e-07,22
"Sfal",1.77578127318026e-07,23
"Sfal",2.46730710462232e-07,24
"Sfal",3.41224087219918e-07,25
"Sfal",4.69719816100912e-07,26
"Sfal",6.43607073917755e-07,27
"Sfal",8.77779540740818e-07,28
"Sfal",1.19160635215172e-06,29
"Sfal",1.61013712846678e-06,30
"Sfal",2.16558684656858e-06,31
"Sfal",2.89915218113056e-06,32
"Sfal",3.86321666058722e-06,33
"Sfal",5.12400723052143e-06,34
"Sfal",6.76476917436781e-06,35
"Sfal",8.88952929271546e-06,36
"Sfal",1.1627518172489e-05,37
"Sfal",1.51383205730533e-05,38
"Sfal",1.96178176171776e-05,39
"Sfal",2.53049747305264e-05,40
"Sfal",3.2489514212406e-05,41
"Sfal",4.15204900301573e-05,42
"Sfal",5.28157540484928e-05,43
"Sfal",6.68722666887192e-05,44
"Sfal",8.4277160411497e-05,45
"Sfal",0.000105719411164799,46
"Sfal",0.000132001911151554,47
"Sfal",0.000164053666547724,48
"Sfal",0.000202941767323779,49
"Sfal",0.000249882694949319,50
"Sfal",0.000306252450102926,51
"Sfal",0.000373594899979087,52
"Sfal",0.000453627667606265,53
"Sfal",0.000548244818765826,54
"Sfal",0.000659515551310046,55
"Sfal",0.000789678063110755,56
"Sfal",0.000941127774987906,57
"Sfal",0.00111639912017176,58
"Sfal",0.00131814018808473,59
"Sfal",0.00154907963249354,60
"Sfal",0.00181198542592072,61
"Sfal",0.00210961526513938,62
"Sfal",0.00244465870557405,63
"Sfal",0.00281967142141482,64
"Sfal",0.00323700234574029,65
"Sfal",0.0036987148298436,66
"Sfal",0.00420650335860713,67
"Sfal",0.00476160775125813,68
"Sfal",0.00536472714361687,69
"Sfal",0.00601593636680185,70
"Sfal",0.00671460758563438,71
"Sfal",0.00745934021609991,72
"Sfal",0.00824790218627704,73
"Sfal",0.00907718552456683,74
"Sfal",0.00994317904410889,75
"Sfal",0.0108409605412447,76
"Sfal",0.0117647104448427,77
"Sfal",0.0127077482562494,78
"Sfal",0.013662592428083,79
"Sfal",0.0146210435719401,80
"Sfal",0.0155742900930148,81
"Sfal",0.0165130345589415,82
"Sfal",0.0174276383565692,83
"Sfal",0.0183082815075715,84
"Sfal",0.0191451339314515,85
"Sfal",0.0199285339864952,86
"Sfal",0.0206491698025515,87
"Sfal",0.0212982587537268,88
"Sfal",0.0218677204064375,89
"Sfal",0.0223503384143994,90
"Sfal",0.0227399071071287,91
"Sfal",0.023031358918218,92
"Sfal",0.0232208693070675,93
"Sfal",0.0233059364242851,94
"Sfal",0.0232854334375143,95
"Sfal",0.0231596321519699,96
"Sfal",0.0229301973099197,97
"Sfal",0.0226001517176766,98
"Sfal",0.022173813109533,99
"Sfal",0.021656704397615,100
"Sfal",0.0210554396566092,101
"Sfal",0.020377588833963,102
"Sfal",0.0196315247403874,103
"Sfal",0.0188262563432412,104
"Sfal",0.0179712527385863,105
"Sfal",0.0170762624002927,106
"Sfal",0.0161511323838832,107
"Sfal",0.0152056320909194,108
"Sfal",0.0142492859747362,109
"Sfal",0.0132912191952707,110
"Sfal",0.012340019722073,111
"Sfal",0.0114036197600765,112
"Sfal",0.0104891986586434,113
"Sfal",0.00960310869224938,114
"Sfal",0.00875082430567618,115
"Sfal",0.00793691463357354,116
"Sfal",0.00716503836829164,117
"Sfal",0.00643795939200448,118
"Sfal",0.00575758103494841,119
"Sfal",0.00512499638977032,120
"Sfal",0.00454055181347037,121
"Sfal",0.00400392058622449,122
"Sfal",0.00351418366592642,123
"Sfal",0.00306991456743824,124
"Sfal",0.00266926558983981,125
"Sfal",0.00231005289328649,126
"Sfal",0.00198983826722754,127
"Sfal",0.00170600581106352,128
"Sfal",0.00145583214512263,129
"Sfal",0.00123654916449878,130
"Sgib",3.46496545706548e-11,0
"Sgib",5.37689925410143e-11,1
"Sgib",8.30515293139506e-11,2
"Sgib",1.27686832466326e-10,3
"Sgib",1.95401250146271e-10,4
"Sgib",2.97640007755365e-10,5
"Sgib",4.51271619171257e-10,6
"Sgib",6.81031939377683e-10,7
"Sgib",1.02300954032788e-09,8
"Sgib",1.52958857950269e-09,9
"Sgib",2.27641964892444e-09,10
"Sgib",3.37219564743315e-09,11
"Sgib",4.97228422859006e-09,12
"Sgib",7.29763055331584e-09,13
"Sgib",1.06608183803458e-08,14
"Sgib",1.55017939668735e-08,15
"Sgib",2.24365521961109e-08,16
"Sgib",3.23231013026103e-08,17
"Sgib",4.63503128268603e-08,18
"Sgib",6.61568865256418e-08,19
"Sgib",9.39896837401937e-08,20
"Sgib",1.32913182915586e-07,21
"Sgib",1.87084870047544e-07,22
"Sgib",2.62115081922299e-07,23
"Sgib",3.65534259546212e-07,24
"Sgib",5.07395828070783e-07,25
"Sgib",7.01049072630342e-07,26
"Sgib",9.64123482862721e-07,27
"Sgib",1.31977411875905e-06,28
"Sgib",1.79824658999884e-06,29
"Sgib",2.43883016413183e-06,30
"Sgib",3.2922781726855e-06,31
"Sgib",4.42378601795198e-06,32
"Sgib",5.91662832752655e-06,33
"Sgib",7.87656764891895e-06,34
"Sgib",1.04371568521363e-05,35
"Sgib",1.37660652650199e-05,36
"Sgib",1.80725634645352e-05,37
"Sgib",2.36163023521561e-05,38
"Sgib",3.0717517229024e-05,39
"Sgib",3.97687754642078e-05,40
"Sgib",5.12483652937632e-05,41
"Sgib",6.57353915031714e-05,42
"Sgib",8.39265994434846e-05,43
"Sgib",0.000106654890339423,44
"Sgib",0.00013490941674082,45
"Sgib",0.000169857056228149,46
"Sgib",0.000212864953676786,47
"Sgib",0.000265523697868516,48
"Sgib",0.000329670558365746,49
"Sgib",0.00040741205589493,50
"Sgib",0.000501144977986601,51
"Sgib",0.000613574786824432,52
"Sgib",0.000747730205379195,53
"Sgib",0.000906972619872086,54
"Sgib",0.00109499881199301,55
"Sgib",0.00131583544509551,56
"Sgib",0.00157382368787371,57
"Sgib",0.00187359238039274,58
"Sgib",0.00222001824416711,59
"Sgib",0.00261817182247292,60
"Sgib",0.00307324811917029,61
"Sgib",0.00359048129039615,62
"Sgib",0.00417504323509916,63
"Sgib",0.00483192652292602,64
"Sgib",0.00556581277957578,65
"Sgib",0.00638092840052829,66
"Sgib",0.00728089025581475,67
"Sgib",0.00826854484507273,68
"Sgib",0.00934580512056274,69
"Sgib",0.0105134898683853,70
"Sgib",0.0117711710751707,71
"Sgib",0.0131170350609979,72
"Sgib",0.0145477632868956,73
"Sgib",0.0160584386144658,74
"Sgib",0.017642482387092,75
"Sgib",0.0192916270146485,76
"Sgib",0.020995927792897,77
"Sgib",0.0227438165097392,78
"Sgib",0.0245221980351728,79
"Sgib",0.0263165896258463,80
"Sgib",0.0281113011731366,81
"Sgib",0.0298896531633216,82
"Sgib",0.031634227774237,83
"Sgib",0.0333271473702094,84
"Sgib",0.034950373727598,85
"Sgib",0.0364860206610041,86
"Sgib",0.0379166723403994,87
"Sgib",0.0392256994887529,88
"Sgib",0.0403975658087074,89
"Sgib",0.0414181173732545,90
"Sgib",0.0422748482889651,91
"Sgib",0.0429571366575657,92
"Sgib",0.0434564456803141,93
"Sgib",0.0437664856324644,94
"Sgib",0.0438833333526358,95
"Sgib",0.0438055068234165,96
"Sgib",0.0435339933533083,97
"Sgib",0.0430722308016684,98
"Sgib",0.0424260422183312,99
"Sgib",0.0416035252006945,100
"Sgib",0.0406148982045069,101
"Sgib",0.0394723069772725,102
"Sgib",0.0381895952048577,103
"Sgib",0.0367820443537964,104
"Sgib",0.0352660885260729,105
"Sgib",0.0336590108840465,106
"Sgib",0.0319786288090943,107
"Sgib",0.0302429753849345,108
"Sgib",0.0284699850040895,109
"Sgib",0.0266771908494193,110
"Sgib",0.0248814416796673,111
"Sgib",0.0230986447417736,112
"Sgib",0.0213435407547008,113
"Sgib",0.0196295157901133,114
"Sgib",0.0179684535626134,115
"Sgib",0.0163706301994521,116
"Sgib",0.0148446520597765,117
"Sgib",0.0133974356941399,118
"Sgib",0.0120342276518415,119
"Sgib",0.0107586606246128,120
"Sgib",0.00957284141523836,121
"Sgib",0.00847746547744931,122
"Sgib",0.00747195230886001,123
"Sgib",0.00655459579330029,124
"Sgib",0.00572272366685393,125
"Sgib",0.00497286059322235,126
"Sgib",0.00430088983795902,127
"Sgib",0.00370220918047886,128
"Sgib",0.00317187744788315,129
"Sgib",0.00270474884719771,130
"Slep",2.93464064303522e-05,0
"Slep",3.81041128287568e-05,1
"Slep",4.92459466594528e-05,2
"Slep",6.33505783711639e-05,3
"Slep",8.11169910194863e-05,4
"Slep",0.000103384128356906,5
"Slep",0.000131152406502611,6
"Slep",0.000165606926582018,7
"Slep",0.000208142115919967,8
"Slep",0.000260387396270015,9
"Slep",0.000324233329948921,10
"Slep",0.000401857530626718,11
"Slep",0.000495749448366976,12
"Slep",0.000608732953466834,13
"Slep",0.000743985457713071,14
"Slep",0.000905052133807547,15
"Slep",0.00109585363484239,16
"Slep",0.00132068558857452,17
"Slep",0.00158420806014957,18
"Slep",0.00189142315718873,19
"Slep",0.00224763900843773,20
"Slep",0.00265841849651645,21
"Slep",0.0031295113799214,22
"Slep",0.00366676880934409,23
"Slep",0.00427603973387945,24
"Slep",0.00496304930282573,25
"Slep",0.0057332600897939,26
"Slep",0.00659171778008615,27
"Slep",0.00754288384246121,28
"Slep",0.00859045861549024,29
"Slep",0.009737199130887,30
"Slep",0.0109847368186271,31
"Slep",0.0123334009343677,32
"Slep",0.0137820540613596,33
"Slep",0.0153279463136979,34
"Slep",0.0169665948616108,35
"Slep",0.0186916950828109,36
"Slep",0.020495069005222,37
"Slep",0.0223666557551829,38
"Slep",0.0242945474932755,39
"Slep",0.0262650728601345,40
"Slep",0.0282629283379638,41
"Slep",0.0302713562438755,42
"Slep",0.0322723663987229,43
"Slep",0.0342469969488195,44
"Slep",0.0361756084382723,45
"Slep",0.038038204102094,46
"Slep",0.0398147685204571,47
"Slep",0.0414856162656655,48
"Slep",0.0430317419861884,49
"Slep",0.0444351634863746,50
"Slep",0.0456792497395806,51
"Slep",0.0467490263684166,52
"Slep",0.0476314518853455,53
"Slep",0.0483156588571237,54
"Slep",0.0487931550902776,55
"Slep",0.0490579808940392,56
"Slep",0.0491068194355779,57
"Slep",0.0489390581457099,58
"Slep",0.0485568000583212,59
"Slep",0.047964824878812,60
"Slep",0.0471705004863322,61
"Slep",0.0461836464927277,62
"Slep",0.0450163524160425,63
"Slep",0.0436827539791063,64
"Slep",0.042198772005126,65
"Slep",0.0405818193314446,66
"Slep",0.0388504820668304,67
"Slep",0.0370241823333894,68
"Slep",0.0351228303105623,69
"Slep",0.0331664738818755,70
"Slep",0.0311749544240753,71
"Slep",0.0291675772304627,72
"Slep",0.0271628046975901,73
"Slep",0.0251779797178005,74
"Slep",0.0232290857223538,75
"Slep",0.0213305485467887,76
"Slep",0.0194950837987773,77
"Slep",0.0177335917734477,78
"Slep",0.0160551002680116,79
"Slep",0.0144667539870947,80
"Slep",0.0129738476900186,81
"Slep",0.0115798988889463,82
"Slep",0.0102867548238577,83
"Slep",0.00909472765830276,84
"Slep",0.0080027513783273,85
"Slep",0.00700855373357974,86
"Slep",0.00610883671243093,87
"Slep",0.0052994594539513,88
"Slep",0.00457561811932446,89
"Slep",0.00393201801777542,90
"Slep",0.00336303414971379,91
"Slep",0.00286285723740827,92
"Slep",0.00242562321183773,93
"Slep",0.00204552497227355,94
"Slep",0.00171690600092038,95
"Slep",0.0014343360766242,96
"Slep",0.00119266987661414,97
"Slep",0.000987089679176842,98
"Slep",0.000813133685728941,99
"Slep",0.000666711676044989,100
"Slep",0.000544109807377421,101
"Slep",0.000441986381245284,102
"Slep",0.000357360346280158,103
"Slep",0.000287594197281239,104
"Slep",0.000230372784381033,105
"Slep",0.000183679375450045,106
"Slep",0.000145770131344264,107
"Slep",0.000115147967171688,108
"Slep",9.0536591299053e-05,109
"Slep",7.0855343302216e-05,110
"Slep",5.5195296683233e-05,111
"Slep",4.27969545705916e-05,112
"Slep",3.30297480905414e-05,113
"Slep",2.53734478629776e-05,114
"Slep",1.94015185015827e-05,115
"Slep",1.47663828271606e-05,116
"Slep",1.11865150545712e-05,117
"Slep",8.43524855791532e-06,118
"Slep",6.33116192201636e-06,119
"Slep",4.72989482779774e-06,120
"Slep",3.51724096920968e-06,121
"Slep",2.60336689230976e-06,122
"Slep",1.91801181191426e-06,123
"Slep",1.40653274295169e-06,124
"Slep",1.02667054785516e-06,125
"Slep",7.45924827126793e-07,126
"Slep",5.39438244889094e-07,127
"Slep",3.88303339691801e-07,128
"Slep",2.78216732007552e-07,129
"Slep",1.98416642233985e-07,130
"Smac",3.26731895426911e-08,0
"Smac",4.71865554999142e-08,1
"Smac",6.78309285421978e-08,2
"Smac",9.70554638264913e-08,3
"Smac",1.3822766007134e-07,4
"Smac",1.95953335712084e-07,5
"Smac",2.76498704217303e-07,6
"Smac",3.88343706286563e-07,7
"Smac",5.42902908352941e-07,8
"Smac",7.55458800801795e-07,9
"Smac",1.04636236908345e-06,10
"Smac",1.44256748519098e-06,11
"Smac",1.97957905250543e-06,12
"Smac",2.70390994691342e-06,13
"Smac",3.67615855496035e-06,14
"Smac",4.97483691931831e-06,15
"Smac",6.70109881255599e-06,16
"Smac",8.98453693009998e-06,17
"Smac",1.19902380497935e-05,18
"Smac",1.59273034067541e-05,19
"Smac",2.10590573316501e-05,20
"Smac",2.77151787176418e-05,21
"Smac",3.63059950838524e-05,22
"Smac",4.7339175505113e-05,23
"Smac",6.14390437578626e-05,24
"Smac",7.93687036813143e-05,25
"Smac",0.000102055121754127,26
"Smac",0.000130617243934217,27
"Smac",0.000166397131673172,28
"Smac",0.000210993982755961,29
"Smac",0.000266300753843054,30
"Smac",0.000334542921784712,31
"Smac",0.000418318709643711,32
"Smac",0.000520639862238589,33
"Smac",0.000644971788291555,34
"Smac",0.000795271597798398,35
"Smac",0.000976022262774897,36
"Smac",0.0011922608290315,37
"Smac",0.00144959832147568,38
"Smac",0.00175422873451226,39
"Smac",0.00211292430456822,40
"Smac",0.00253301414855747,41
"Smac",0.00302234334706017,42
"Smac",0.00358920968151224,43
"Smac",0.00424227552690348,44
"Smac",0.00499045287790168,45
"Smac",0.00584276016317556,46
"Smac",0.00680815038685271,47
"Smac",0.00789531122195576,48
"Smac",0.00911243894746738,49
"Smac",0.0104669895300801,50
"Smac",0.0119654116468558,51
"Smac",0.0136128679511074,52
"Smac",0.015412952310439,53
"Smac",0.0173674119918328,54
"Smac",0.0194758847287919,55
"Smac",0.0217356611795304,56
"Smac",0.0241414833874987,57
"Smac",0.0266853894255254,58
"Smac",0.0293566134158308,59
"Smac",0.0321415485839276,60
"Smac",0.0350237789821864,61
"Smac",0.0379841831076883,62
"Smac",0.0410011099734566,63
"Smac",0.0440506254315104,64
"Smac",0.0471068238602781,65
"Smac",0.050142197882453,66
"Smac",0.0531280567164113,67
"Smac",0.0560349821950273,68
"Smac",0.0588333104770926,69
"Smac",0.061493627048048,70
"Smac",0.0639872627313969,71
"Smac",0.0662867790425297,72
"Smac",0.0683664322146544,73
"Smac",0.0702026064957774,74
"Smac",0.0717742087346282,75
"Smac",0.0730630177277325,76
"Smac",0.0740539831926442,77
"Smac",0.0747354704918709,78
"Smac",0.0750994483157761,79
"Smac",0.0751416174284292,80
"Smac",0.0748614793040209,81
"Smac",0.0742623440727341,82
"Smac",0.0733512777107973,83
"Smac",0.072138988916337,84
"Smac",0.070639656678181,85
"Smac",0.0688707002291517,86
"Smac",0.0668524939235147,87
"Smac",0.0646080306128391,88
"Smac",0.06216253831096,89
"Smac",0.0595430563025149,90
"Smac",0.0567779782961909,91
"Smac",0.0538965716625049,92
"Smac",0.0509284831159499,93
"Smac",0.0479032422818882,94
"Smac",0.0448497753106509,95
"Smac",0.0417959409608627,96
"Smac",0.0387681012944541,97
"Smac",0.0357907382688748,98
"Smac",0.0328861260846872,99
"Smac",0.0300740672037647,100
"Smac",0.027371697594351,101
"Smac",0.0247933641205828,102
"Smac",0.0223505742365026,103
"Smac",0.0200520154381193,104
"Smac",0.0179036394352371,105
"Smac",0.0159088038697392,106
"Smac",0.0140684627379575,107
"Smac",0.0123813955401644,108
"Smac",0.0108444646051559,109
"Smac",0.00945289000569371,110
"Smac",0.0082005319387084,111
"Smac",0.00708017131263809,112
"Smac",0.00608378046564957,113
"Smac",0.00520277732796357,114
"Smac",0.00442825783609102,115
"Smac",0.00375120291272462,116
"Smac",0.0031626577640891,117
"Smac",0.00265388255506823,118
"Smac",0.00221647465829937,119
"Smac",0.00184246361142371,120
"Smac",0.00152438064750051,121
"Smac",0.00125530519115442,122
"Smac",0.00102889105139951,123
"Smac",0.000839375212439043,124
"Smac",0.000681572151498024,125
"Smac",0.000550856525163598,126
"Smac",0.000443136889915868,127
"Smac",0.000354822884074874,128
"Smac",0.000282788020219844,129
"Smac",0.000224329939018358,130
"Smec",2.30324884489266e-05,0
"Smec",3.01950521170987e-05,1
"Smec",3.94014824581907e-05,2
"Smec",5.11765458706518e-05,3
"Smec",6.61623204316766e-05,4
"Smec",8.51395788616278e-05,5
"Smec",0.000109051807482617,6
"Smec",0.000139031864770717,7
"Smec",0.000176431184219661,8
"Smec",0.000222851302222642,9
"Smec",0.000280177341112859,10
"Smec",0.000350612899965318,11
"Smec",0.00043671560217639,12
"Smec",0.000541432321823217,13
"Smec",0.000668132865033142,14
"Smec",0.000820640625120951,15
"Smec",0.00100325847080339,16
"Smec",0.00122078787795833,17
"Smec",0.00147853909265081,18
"Smec",0.00178232993475995,19
"Smec",0.00213847073814885,20
"Smec",0.00255373289725216,21
"Smec",0.00303529857418443,22
"Smec",0.00359068933718019,23
"Smec",0.00422767186995072,24
"Smec",0.00495413942720465,25
"Smec",0.00577796842178774,26
"Smec",0.00670685041163981,27
"Smec",0.00774810079602657,28
"Smec",0.00890844670235316,29
"Smec",0.0101937978043725,30
"Smec",0.0116090051018858,31
"Smec",0.0131576139398087,32
"Smec",0.0148416186693008,33
"Smec",0.0166612272688985,34
"Smec",0.0186146448640512,35
"Smec",0.0206978853329924,36
"Smec",0.0229046200065947,37
"Smec",0.0252260718256893,38
"Smec",0.0276509622081602,39
"Smec",0.0301655163313547,40
"Smec",0.0327535306192281,41
"Smec",0.0353965040357771,42
"Smec",0.0380738324487157,43
"Smec",0.0407630629762906,44
"Smec",0.0434402030041452,45
"Smec",0.0460800765865177,46
"Smec",0.048656719333261,47
"Smec",0.0511438017068013,48
"Smec",0.0535150699503808,49
"Smec",0.055744793642007,50
"Smec",0.0578082090834675,51
"Smec",0.0596819483274656,52
"Smec",0.0613444445349962,53
"Smec",0.0627763054459276,54
"Smec",0.0639606479448434,55
"Smec",0.0648833879272721,56
"Smec",0.0655334808507497,57
"Smec",0.0659031094443276,58
"Smec",0.0659878160262144,59
"Smec",0.0657865777421684,60
"Smec",0.0653018238069934,61
"Smec",0.0645393945431849,62
"Smec",0.0635084427086662,63
"Smec",0.0622212783359365,64
"Smec",0.0606931591091983,65
"Smec",0.0589420292137359,66
"Smec",0.056988210615286,67
"Smec",0.0548540518571964,68
"Smec",0.0525635406672163,69
"Smec",0.0501418878883092,70
"Smec",0.0476150914137073,71
"Smec",0.0450094898264939,72
"Smec",0.0423513162235457,73
"Smec",0.0396662631520224,74
"Smec",0.0369790696274445,75
"Smec",0.0343131407836061,76
"Smec",0.0316902098059349,77
"Smec",0.0291300504380673,78
"Smec",0.0266502465808038,79
"Smec",0.0242660234123056,80
"Smec",0.0219901421650533,81
"Smec",0.019832858332626,82
"Smec",0.0178019407869344,83
"Smec",0.0159027471959625,84
"Smec",0.0141383493564697,85
"Smec",0.0125097006809443,86
"Smec",0.0110158371556157,87
"Smec",0.00965410263361896,88
"Smec",0.00842038932810547,89
"Smec",0.00730938477919699,90
"Smec",0.00631481731925761,91
"Smec",0.00542969307222305,92
"Smec",0.00464651870799611,93
"Smec",0.00395750544697813,94
"Smec",0.00335475109484698,95
"Smec",0.00283039811760446,96
"Smec",0.00237676688982255,97
"Smec",0.00198646422817115,98
"Smec",0.00165246813564367,99
"Smec",0.00136819032055084,100
"Smec",0.001127518520559,101
"Smec",0.000924840966687126,102
"Smec",0.000755055482291787,103
"Smec",0.000613565748550772,104
"Smec",0.000496267203505475,105
"Smec",0.000399524899200025,106
"Smec",0.00032014544260514,107
"Smec",0.000255344910571404,108
"Smec",0.000202714374182007,109
"Smec",0.000160184407878027,110
"Smec",0.000125989705011606,111
"Smec",9.86346826513521e-05,112
"Smec",7.68607405658202e-05,113
"Smec",5.96156461370683e-05,114
"Smec",4.60253503916575e-05,115
"Smec",3.5368400716244e-05,116
"Smec",2.70530022819145e-05,117
"Smec",2.05966909882677e-05,118
"Smec",1.56085135138613e-05,119
"Smec",1.1773562135107e-05,120
"Smec",8.83968051689229e-06,121
"Smec",6.60613886631284e-06,122
"Smec",4.91406999254177e-06,123
"Smec",3.63845946771635e-06,124
"Smec",2.6814910454455e-06,125
"Smec",1.96706087491281e-06,126
"Smec",1.43628926550822e-06,127
"Smec",1.04387552186129e-06,128
"Smec",7.55158669749233e-07,129
"Smec",5.43763964114678e-07,130
"Spar",8.66034834327706e-06,0
"Spar",1.15203835590719e-05,1
"Spar",1.52538995452576e-05,2
"Spar",2.01037504805748e-05,3
"Spar",2.63727499545481e-05,4
"Spar",3.4436239090276e-05,5
"Spar",4.47566710116879e-05,6
"Spar",5.79003723820494e-05,7
"Spar",7.45566106231437e-05,8
"Spar",9.55590477428426e-05,9
"Spar",0.000121909595920295,10
"Spar",0.000154804603770317,11
"Spar",0.000195663193552858,12
"Spar",0.000246157437135733,13
"Spar",0.000308243901756184,14
"Spar",0.000384195916222187,15
"Spar",0.000476635706288987,16
"Spar",0.000588565328475075,17
"Spar",0.000723395100570969,18
"Spar",0.000884967992912935,19
"Spar",0.0010775782180287,20
"Spar",0.00130598205097254,21
"Spar",0.00157539874447749,22
"Spar",0.00189149929003552,23
"Spar",0.00226038073781659,24
"Spar",0.00268852384529464,25
"Spar",0.00318273199639967,26
"Spar",0.00375004963775732,27
"Spar",0.00439765893004161,28
"Spar",0.00513275391865673,29
"Spar",0.00596239228880705,30
"Spar",0.00689332567530552,31
"Spar",0.00793181052515235,32
"Spar",0.009083402625986,33
"Spar",0.010352739567861,34
"Spar",0.0117433165392713,35
"Spar",0.0132572619011416,36
"Spar",0.0148951198592232,37
"Spar",0.0166556481902081,38
"Spar",0.0185356393002408,39
"Spar",0.0205297728497005,40
"Spar",0.0226305077282079,41
"Spar",0.024828020297256,42
"Spar",0.0271101945523098,43
"Spar",0.0294626682396819,44
"Spar",0.0318689370723991,45
"Spar",0.0343105171235096,46
"Spar",0.0367671633503487,47
"Spar",0.0392171401405492,48
"Spar",0.0416375378866297,49
"Spar",0.044004627992348,50
"Spar",0.0462942474685325,51
"Spar",0.0484822034370429,52
"Spar",0.0505446874448427,53
"Spar",0.0524586894805038,54
"Spar",0.0542024019401019,55
"Spar",0.0557556044450602,56
"Spar",0.057100021295273,57
"Spar",0.0582196443673364,58
"Spar",0.0591010153650011,59
"Spar",0.059733462433645,60
"Spar",0.0601092872154994,61
"Spar",0.0602238994195635,62
"Spar",0.0600758969007628,63
"Spar",0.0596670900956403,64
"Spar",0.0590024704689715,65
"Spar",0.0580901234181231,66
"Spar",0.0569410868932918,67
"Spar",0.055569157852128,68
"Spar",0.0539906495974893,69
"Spar",0.0522241040537416,70
"Spar",0.0502899641090209,71
"Spar",0.0482102122575718,72
"Spar",0.0460079828684006,73
"Spar",0.0437071564187425,74
"Spar",0.0413319448873875,75
"Spar",0.0389064781242381,76
"Spar",0.036454401323902,77
"Spar",0.0339984936715253,78
"Spar",0.0315603177588627,79
"Spar",0.0291599084762359,80
"Spar",0.0268155087916255,81
"Spar",0.0245433581839359,82
"Spar",0.0223575375847207,83
"Spar",0.0202698726053227,84
"Spar",0.0182898947022694,85
"Spar",0.016424857884043,86
"Spar",0.0146798067010814,87
"Spar",0.0130576896853025,88
"Spar",0.0115595111886409,89
"Spar",0.0101845137562065,90
"Spar",0.00893038277253342,91
"Spar",0.00779346512396606,92
"Spar",0.00676899398672524,93
"Spar",0.00585131251992082,94
"Spar",0.00503409014488577,95
"Spar",0.00431052615066964,96
"Spar",0.00367353650535732,97
"Spar",0.0031159209053407,98
"Spar",0.00263050820102137,99
"Spar",0.00221027935119445,100
"Spar",0.00184846794623492,101
"Spar",0.00153863908170354,102
"Spar",0.00127474795030249,103
"Spar",0.0010511799523115,104
"Spar",0.000862774411603612,105
"Spar",0.000704834140606701,106
"Spar",0.000573123141297802,107
"Spar",0.000463854680469445,108
"Spar",0.000373671856402775,109
"Spar",0.00029962260020754,110
"Spar",0.000239130846269123,111
"Spar",0.000189965378101564,112
"Spar",0.000150207621576854,113
"Spar",0.000118219427544827,114
"Spar",9.26116683339824e-05,115
"Spar",7.22142732766e-05,116
"Spar",5.60481509208767e-05,117
"Spar",4.32992919140836e-05,118
"Spar",3.32952171612991e-05,119
"Spar",2.54838301544761e-05,120
"Spar",1.9414648861373e-05,121
"Spar",1.47223292247879e-05,122
"Spar",1.11123467642534e-05,123
"Spar",8.34867245155029e-06,124
"Spar",6.24326139698123e-06,125
"Spar",4.6471654909471e-06,126
"Spar",3.44308173839519e-06,127
"Spar",2.53915458577797e-06,128
"Spar",1.86386132300956e-06,129
"Spar",1.36182317477164e-06,130
"Spau",2.01969039448142e-11,0
"Spau",3.100583564162e-11,1
"Spau",4.73788839099729e-11,2
"Spau",7.20624388681922e-11,3
"Spau",1.09097759396452e-10,4
"Spau",1.64401377179091e-10,5
"Spau",2.46591337419343e-10,6
"Spau",3.68156884111167e-10,7
"Spau",5.47105121361114e-10,8
"Spau",8.09266158083102e-10,9
"Spau",1.19150185690046e-09,10
"Spau",1.74614704111493e-09,11
"Spau",2.54712140777666e-09,12
"Spau",3.69829222330183e-09,13
"Spau",5.34485031656375e-09,14
"Spau",7.68869466969688e-09,15
"Spau",1.10091154641065e-08,16
"Spau",1.56904349547526e-08,17
"Spau",2.22587249555187e-08,18
"Spau",3.14302855735902e-08,19
"Spau",4.41752599965935e-08,20
"Spau",6.18005932721528e-08,21
"Spau",8.60575377827061e-08,22
"Spau",1.19280082030789e-07,23
"Spau",1.64562047268229e-07,24
"Spau",2.25982168636216e-07,25
"Spau",3.08888256917679e-07,26
"Spau",4.20253516707539e-07,27
"Spau",5.69120256130064e-07,28
"Spau",7.67148523947303e-07,29
"Spau",1.02928959188758e-06,30
"Spau",1.37460657676701e-06,31
"Spau",1.82726675114383e-06,32
"Spau",2.417732070633e-06,33
"Spau",3.18417596032455e-06,34
"Spau",4.17415522171282e-06,35
"Spau",5.44656577489141e-06,36
"Spau",7.07390953082574e-06,37
"Spau",9.14489665597195e-06,38
"Spau",1.17674024850975e-05,39
"Spau",1.50717909887465e-05,40
"Spau",1.92146066514153e-05,41
"Spau",2.43826235424463e-05,42
"Spau",3.07972240056166e-05,43
"Spau",3.87190595951451e-05,44
"Spau",4.84529236205087e-05,45
"Spau",6.03527380799616e-05,46
"Spau",7.48265282271804e-05,47
"Spau",9.23412261425196e-05,48
"Spau",0.000113427111367965,49
"Spau",0.000138681663115576,50
"Spau",0.000168772566288686,51
"Spau",0.000204439584383592,52
"Spau",0.000246494988361769,53
"Spau",0.000295822214113792,54
"Spau",0.000353372414630022,55
"Spau",0.000420158578932579,56
"Spau",0.000497246910583416,57
"Spau",0.000585745196270092,58
"Spau",0.000686787951239624,59
"Spau",0.00080151820421594,60
"Spau",0.000931065880079047,61
"Spau",0.00107652285317635,62
"Spau",0.00123891487569338,63
"Spau",0.00141917073079204,64
"Spau",0.00161808911469547,65
"Spau",0.00183630390978043,66
"Spau",0.00207424866513847,67
"Spau",0.00233212124421878,68
"Spau",0.00260984972276021,69
"Spau",0.00290706071582624,70
"Spau",0.00322305137232245,71
"Spau",0.00355676629175288,72
"Spau",0.00390678058547067,73
"Spau",0.0042712902195634,74
"Spau",0.00464811063744382,75
"Spau",0.00503468446853921,76
"Spau",0.00542809888938149,77
"Spau",0.00582511292189978,78
"Spau",0.00622219464039643,79
"Spau",0.0066155679253132,80
"Spau",0.00700126806184541,81
"Spau",0.0073752051490248,82
"Spau",0.00773323397451916,83
"Spau",0.0080712287359052,84
"Spau",0.0083851607630347,85
"Spau",0.00867117722879946,86
"Spau",0.00892567873507429,87
"Spau",0.00914539363200605,88
"Spau",0.00932744697420554,89
"Spau",0.00946942213585301,90
"Spau",0.00956941329439182,91
"Spau",0.00962606724286725,92
"Spau",0.00963861329525321,93
"Spau",0.00960688039657973,94
"Spau",0.00953130092813482,95
"Spau",0.00941290109423004,96
"Spau",0.00925327817719135,97
"Spau",0.00905456533742132,98
"Spau",0.00881938500197454,99
"Spau",0.00855079221524971,100
"Spau",0.00825220960752144,101
"Spau",0.00792735586117117,102
"Spau",0.0075801697127716,103
"Spau",0.00721473161625092,104
"Spau",0.00683518520559438,105
"Spau",0.00644566063530232,106
"Spau",0.00605020174653006,107
"Spau",0.00565269881287012,108
"Spau",0.00525682837121461,109
"Spau",0.00486600135145363,110
"Spau",0.00448332039707241,111
"Spau",0.00411154693118736,112
"Spau",0.00375307818368967,113
"Spau",0.00340993406892582,114
"Spau",0.00308375350249477,115
"Spau",0.00277579948116897,116
"Spau",0.00248697203015446,117
"Spau",0.00221782795269845,118
"Spau",0.00196860620138133,119
"Spau",0.00173925762844937,120
"Spau",0.00152947786182618,121
"Spau",0.00133874208934696,122
"Spau",0.00116634060989931,123
"Spau",0.00101141411892397,124
"Spau",0.000872987828843316,125
"Spau",0.000750003674014198,126
"Spau",0.000641350006620462,127
"Spau",0.000545888347108569,128
"Spau",0.000462476903893536,129
"Spau",0.000389990716871594,130
"Ssem",2.96472426572402e-05,0
"Ssem",3.70486081431301e-05,1
"Ssem",4.60830824914985e-05,2
"Ssem",5.70549132127606e-05,3
"Ssem",7.03114945375486e-05,4
"Ssem",8.62464426656006e-05,5
"Ssem",0.000105302199389092,6
"Ssem",0.000127971973708962,7
"Ssem",0.000154800811198929,8
"Ssem",0.000186385565174838,9
"Ssem",0.000223373533871715,10
"Ssem",0.00026645952556732,11
"Ssem",0.000316381120660391,12
"Ssem",0.000373911917745592,13
"Ssem",0.000439852581129276,14
"Ssem",0.000515019551048524,15
"Ssem",0.00060023133564921,16
"Ssem",0.000696292375486339,17
"Ssem",0.00080397455613492,18
"Ssem",0.000923996540816842,19
"Ssem",0.00105700120024786,20
"Ssem",0.00120353152778267,21
"Ssem",0.00136400554012992,22
"Ssem",0.0015386907724288,23
"Ssem",0.00172767907576745,24
"Ssem",0.00193086250940404,25
"Ssem",0.00214791118312485,26
"Ssem",0.00237825394176301,27
"Ssem",0.00262106278902156,28
"Ssem",0.00287524191756814,29
"Ssem",0.00313942214447306,30
"Ssem",0.00341196144471292,31
"Ssem",0.0036909521318194,32
"Ssem",0.00397423505696937,33
"Ssem",0.00425942099101138,34
"Ssem",0.00454391912504763,35
"Ssem",0.00482497238272474,36
"Ssem",0.00509969899097341,37
"Ssem",0.00536513951590348,38
"Ssem",0.00561830834738763,39
"Ssem",0.00585624841964355,40
"Ssem",0.00607608779501912,41
"Ssem",0.00627509662196492,42
"Ssem",0.00645074291181858,43
"Ssem",0.00660074556641372,44
"Ssem",0.00672312313128538,45
"Ssem",0.00681623684667595,46
"Ssem",0.00687882671768028,47
"Ssem",0.00691003952062076,48
"Ssem",0.00690944789814737,49
"Ssem",0.00687705996208007,50
"Ssem",0.0068133191108967,51
"Ssem",0.00671909406744264,52
"Ssem",0.00659565944090618,53
"Ssem",0.00644466740438182,54
"Ssem",0.00626811134487813,55
"Ssem",0.00606828257670365,56
"Ssem",0.00584772140329894,57
"Ssem",0.00560916395987691,58
"Ssem",0.00535548636467531,59
"Ssem",0.00508964774732725,60
"Ssem",0.00481463370820489,61
"Ssem",0.00453340169429775,62
"Ssem",0.00424882965921897,63
"Ssem",0.0039636692133375,64
"Ssem",0.00368050427263987,65
"Ssem",0.00340171599094101,66
"Ssem",0.00312945451960549,67
"Ssem",0.00286561789249186,68
"Ssem",0.00261183809170513,69
"Ssem",0.00236947412154236,70
"Ssem",0.00213961171217952,71
"Ssem",0.00192306909805155,72
"Ssem",0.00172040817357589,73
"Ssem",0.00153195022393876,74
"Ssem",0.00135779536219272,75
"Ssem",0.00119784477510096,76
"Ssem",0.00105182488652785,77
"Ssem",0.000919312584844287,78
"Ssem",0.000799760724872697,79
"Ssem",0.000692523199743996,80
"Ssem",0.00059687897777418,81
"Ssem",0.000512054608220902,82
"Ssem",0.000437244812010317,83
"Ssem",0.000371630884262538,84
"Ssem",0.000314396740464593,85
"Ssem",0.000264742534069707,86
"Ssem",0.000221895857663451,87
"Ssem",0.000185120611037674,88
"Ssem",0.000153723676784456,89
"Ssem",0.000127059587329245,90
"Ssem",0.000104533397243927,91
"Ssem",8.56019922804952e-05,92
"Ssem",6.97740732587446e-05,93
"Ssem",5.66090503645325e-05,94
"Ssem",4.57150733119795e-05,95
"Ssem",3.67464069419918e-05,96
"Ssem",2.94003418415453e-05,97
"Ssem",2.34138070035785e-05,98
"Ssem",1.85598277519577e-05,99
"Ssem",1.46439482650529e-05,100
"Ssem",1.15007149593038e-05,101
"Ssem",8.99029543668045e-06,102
"Ssem",6.99528814770208e-06,103
"Ssem",5.41776068013337e-06,104
"Ssem",4.17653979830671e-06,105
"Ssem",3.20476404270072e-06,106
"Ssem",2.44769976341854e-06,107
"Ssem",1.86081373703956e-06,108
"Ssem",1.40808978423224e-06,109
"Ssem",1.06057281524572e-06,110
"Ssem",7.95121219339723e-07,111
"Ssem",5.9334722198355e-07,112
"Ssem",4.40724513097918e-07,113
"Ssem",3.25842874540934e-07,114
"Ssem",2.39790505075793e-07,115
"Ssem",1.75646084062084e-07,116
"Ssem",1.28064187637178e-07,117
"Ssem",9.29393574208966e-08,118
"Ssem",6.71358315944601e-08,119
"Ssem",4.8271614211243e-08,120
"Ssem",3.45471331421708e-08,121
"Ssem",2.46101889851711e-08,122
"Ssem",1.74502087800158e-08,123
"Ssem",1.23159821270768e-08,124
"Ssem",8.65207383211117e-09,125
"Ssem",6.04998263393993e-09,126
"Ssem",4.21085981845793e-09,127
"Ssem",2.91722672923613e-09,128
"Ssem",2.01164957217567e-09,129
"Ssem",1.38075688984541e-09,130
"Ssmi",1.31808061286615e-08,0
"Ssmi",1.92837036295839e-08,1
"Ssmi",2.80815882974418e-08,2
"Ssmi",4.07038632689836e-08,3
"Ssmi",5.87262590002832e-08,4
"Ssmi",8.43357639079952e-08,5
"Ssmi",1.20551875203962e-07,6
"Ssmi",1.71521630282874e-07,7
"Ssmi",2.4291065080028e-07,8
"Ssmi",3.42418288183653e-07,9
"Ssmi",4.80452075914772e-07,10
"Ssmi",6.71005250769778e-07,11
"Ssmi",9.32791278845703e-07,12
"Ssmi",1.29070127315688e-06,13
"Ssmi",1.77766404597502e-06,14
"Ssmi",2.43700437568699e-06,15
"Ssmi",3.32541288025441e-06,16
"Ssmi",4.51666056254272e-06,17
"Ssmi",6.1062123656121e-06,18
"Ssmi",8.21691650041904e-06,19
"Ssmi",1.10059692054633e-05,20
"Ssmi",1.46733770128382e-05,21
"Ssmi",1.94721592524534e-05,22
"Ssmi",2.57205507896356e-05,23
"Ssmi",3.38164768320204e-05,24
"Ssmi",4.42545756198852e-05,25
"Ssmi",5.76460380803272e-05,26
"Ssmi",7.47415128477763e-05,27
"Ssmi",9.64572868764863e-05,28
"Ssmi",0.000123904892417811,29
"Ssmi",0.000158424206554469,30
"Ssmi",0.000201619996049885,31
"Ssmi",0.000255401714642778,32
"Ssmi",0.000322026179460449,33
"Ssmi",0.000404142536390117,34
"Ssmi",0.000504838671010543,35
"Ssmi",0.000627687934026522,36
"Ssmi",0.000776794732564577,37
"Ssmi",0.000956837198709287,38
"Ssmi",0.00117310479532867,39
"Ssmi",0.00143152837150548,40
"Ssmi",0.00173869985487229,41
"Ssmi",0.00210187848914394,42
"Ssmi",0.00252898031936248,43
"Ssmi",0.0030285475252497,44
"Ssmi",0.00360969423706904,45
"Ssmi",0.00428202567127445,46
"Ssmi",0.00505552782559863,47
"Ssmi",0.00594042560062947,48
"Ssmi",0.00694700808424072,49
"Ssmi",0.00808542085092197,50
"Ssmi",0.00936542647823462,51
"Ssmi",0.010796136035756,52
"Ssmi",0.0123857160043115,53
"Ssmi",0.0141410768584911,54
"Ssmi",0.0160675512953453,55
"Ssmi",0.0181685717012483,56
"Ssmi",0.0204453577911497,57
"Ssmi",0.0228966263028828,58
"Ssmi",0.0255183350678202,59
"Ssmi",0.0283034736156628,60
"Ssmi",0.0312419116493675,61
"Ssmi",0.0343203152364103,62
"Ssmi",0.037522138447801,63
"Ssmi",0.0408276955334482,64
"Ssmi",0.0442143156974523,65
"Ssmi",0.0476565793133519,66
"Ssmi",0.0511266312026775,67
"Ssmi",0.0545945635981077,68
"Ssmi",0.058028858814976,69
"Ssmi",0.0613968796154819,70
"Ssmi",0.0646653938719411,71
"Ssmi",0.0678011194633969,72
"Ssmi",0.0707712753585896,73
"Ssmi",0.0735441254777318,74
"Ssmi",0.0760895030721561,75
"Ssmi",0.0783793048722134,76
"Ssmi",0.0803879459748678,77
"Ssmi",0.0820927682220981,78
"Ssmi",0.0834743965261594,79
"Ssmi",0.0845170391232058,80
"Ssmi",0.0852087290134494,81
"Ssmi",0.0855415048427314,82
"Ssmi",0.0855115302031939,83
"Ssmi",0.0851191508187374,84
"Ssmi",0.0843688893998388,85
"Ssmi",0.08326937818602,86
"Ssmi",0.0818332294357306,87
"Ssmi",0.0800768444648203,88
"Ssmi",0.078020162357594,89
"Ssmi",0.0756863502405812,90
"Ssmi",0.0731014380526073,91
"Ssmi",0.0702939020656287,92
"Ssmi",0.0672942029716727,93
"Ssmi",0.0641342860765547,94
"Ssmi",0.0608470529208708,95
"Ssmi",0.0574658153459213,96
"Ssmi",0.0540237444838795,97
"Ssmi",0.0505533282237142,98
"Ssmi",0.0470858512481857,99
"Ssmi",0.0436509116454069,100
"Ssmi",0.0402759873094335,101
"Ssmi",0.036986063852475,102
"Ssmi",0.033803333611239,103
"Ssmi",0.030746972653858,104
"Ssmi",0.0278329996425673,105
"Ssmi",0.0250742171750057,106
"Ssmi",0.0224802330224167,107
"Ssmi",0.0200575557092637,108
"Ssmi",0.0178097563142512,109
"Ssmi",0.0157376863558229,110
"Ssmi",0.0138397402441405,111
"Ssmi",0.0121121500703963,112
"Ssmi",0.0105493004451619,113
"Ssmi",0.00914405162737139,114
"Ssmi",0.00788806020741361,115
"Ssmi",0.00677208800293342,116
"Ssmi",0.00578629146677711,117
"Ssmi",0.00492048566815128,118
"Ssmi",0.00416437867746954,119
"Ssmi",0.00350777386782527,120
"Ssmi",0.0029407391687583,121
"Ssmi",0.00245374362107877,122
"Ssmi",0.00203776265686937,123
"Ssmi",0.00168435435749815,124
"Ssmi",0.00138570953129392,125
"Ssmi",0.0011346788200561,126
"Ssmi",0.000924780216378245,127
"Ssmi",0.000750190383033932,128
"Ssmi",0.000605723044247014,129
"Ssmi",0.000486797498783799,130
"Swal",2.5458767871449e-06,0
"Swal",3.37882033856698e-06,1
"Swal",4.46349912224775e-06,2
"Swal",5.86905815953787e-06,3
"Swal",7.68146296168793e-06,4
"Swal",1.00069560059968e-05,5
"Swal",1.2976049855371e-05,6
"Swal",1.67480950358044e-05,7
"Swal",2.15164510515871e-05,8
"Swal",2.75142750225109e-05,9
"Swal",3.50209237804302e-05,10
"Swal",4.43689413481148e-05,11
"Swal",5.59515741515481e-05,12
"Swal",7.02307208835262e-05,13
"Swal",8.7745182688138e-05,14
"Swal",0.000109119032637668,15
"Swal",0.000135069872076703,16
"Swal",0.000166416686511326,17
"Swal",0.000204086957021001,18
"Swal",0.000249122626894759,19
"Swal",0.000302684470108943,20
"Swal",0.000366054361654012,21
"Swal",0.000440634913319717,22
"Swal",0.000527945916444773,23
"Swal",0.000629617029603305,24
"Swal",0.000747376168493681,25
"Swal",0.000883033101401277,26
"Swal",0.00103845782993811,27
"Swal",0.00121555344382722,28
"Swal",0.00141622328155278,29
"Swal",0.00164233240539757,30
"Swal",0.00189566360749234,31
"Swal",0.00217786839861578,32
"Swal",0.00249041368692775,33
"Swal",0.00283452512061301,34
"Swal",0.00321112833543256,35
"Swal",0.00362078960249219,36
"Swal",0.00406365759893126,37
"Swal",0.00453940820993126,38
"Swal",0.00504719439996806,39
"Swal",0.00558560325138555,40
"Swal",0.00615262224824646,41
"Swal",0.00674561677537582,42
"Swal",0.00736132060301732,43
"Swal",0.00799584083775428,44
"Swal",0.00864467844653017,45
"Swal",0.00930276501397005,46
"Swal",0.00996451588958893,47
"Swal",0.0106238993405438,48
"Swal",0.0112745207697701,49
"Swal",0.0119097205125294,50
"Swal",0.0125226832105157,51
"Swal",0.0131065563043158,52
"Swal",0.0136545748021444,53
"Swal",0.0141601891916895,54
"Swal",0.0146171931745134,55
"Swal",0.0150198478258762,56
"Swal",0.0153629988193972,57
"Swal",0.0156421835033463,58
"Swal",0.0158537248672031,59
"Swal",0.0159948097836141,60
"Swal",0.0160635493394405,61
"Swal",0.0160590195655878,62
"Swal",0.015981281422654,63
"Swal",0.0158313794810917,64
"Swal",0.0156113193329589,65
"Swal",0.0153240243696191,66
"Swal",0.014973273138112,67
"Swal",0.0145636190308338,68
"Swal",0.0141002945516886,69
"Swal",0.0135891028210594,70
"Swal",0.0130362993173933,71
"Swal",0.01244846709261,72
"Swal",0.0118323888325157,73
"Swal",0.0111949191560187,74
"Swal",0.0105428604564716,75
"Swal",0.00988284538779227,76
"Swal",0.00922122879486213,77
"Swal",0.00856399149454654,78
"Swal",0.00791665784733542,79
"Swal",0.00728422854039222,80
"Swal",0.0066711294535705,81
"Swal",0.00608117692470072,82
"Swal",0.00551755919295783,83
"Swal",0.00498283330154226,84
"Swal",0.00447893630249032,85
"Swal",0.0040072092424789,86
"Swal",0.00356843212962792,87
"Swal",0.00316286789313271,88
"Swal",0.00279031325065025,89
"Swal",0.00245015438863657,90
"Swal",0.00214142543019481,91
"Swal",0.00186286780219901,92
"Swal",0.00161298880510031,93
"Swal",0.00139011792033303,94
"Swal",0.00119245964686819,95
"Swal",0.00101814192612118,96
"Swal",0.00086525948037463,97
"Swal",0.000731911643252657,98
"Swal",0.000616234492877115,99
"Swal",0.000516427302756179,100
"Swal",0.000430773498083742,101
"Swal",0.000357656443969286,102
"Swal",0.000295570497046441,103
"Swal",0.000243127824352084,104
"Swal",0.000199061535965315,105
"Swal",0.000162225694147943,106
"Swal",0.000131592755669492,107
"Swal",0.000106248979903198,108
"Swal",8.53882974058575e-05,109
"Swal",6.83050860917211e-05,110
"Swal",5.43862484648261e-05,111
"Swal",4.3102926906966e-05,112
"Swal",3.40021374312179e-05,113
"Swal",2.6698547764738e-05,114
"Swal",2.08665747524695e-05,115
"Swal",1.62329300157615e-05,116
"Swal",1.25697022566648e-05,117
"Swal",9.6880298919856e-06,118
"Swal",7.43238884302968e-06,119
"Swal",5.6754970668393e-06,120
"Swal",4.31381938411339e-06,121
"Swal",3.26364280993414e-06,122
"Swal",2.4576833293856e-06,123
"Swal",1.84217925856843e-06,124
"Swal",1.37442337746729e-06,125
"Swal",1.02068533276149e-06,126
"Swal",7.54476854842861e-07,127
"Swal",5.55114644550973e-07,128
"Swal",4.06538958940118e-07,129
"Swal",2.96349626976197e-07,130
"Sxan",7.50818521573029e-06,0
"Sxan",1.01750312850208e-05,1
"Sxan",1.37252065920264e-05,2
"Sxan",1.84282574671279e-05,3
"Sxan",2.46281475686796e-05,4
"Sxan",3.2761300119717e-05,5
"Sxan",4.33782647841884e-05,6
"Sxan",5.7169525638909e-05,7
"Sxan",7.49959816563152e-05,8
"Sxan",9.79246275265679e-05,9
"Sxan",0.000127269934324721,10
"Sxan",0.000164641369492438,11
"Sxan",0.000211997396227569,12
"Sxan",0.000271706145608618,13
"Sxan",0.000346612752483026,14
"Sxan",0.000440113080542724,15
"Sxan",0.000556233226286812,16
"Sxan",0.000699713780639431,17
"Sxan",0.000876097338402212,18
"Sxan",0.00109181718075427,19
"Sxan",0.00135428442091366,20
"Sxan",0.00167197021040744,21
"Sxan",0.00205447887345248,22
"Sxan",0.00251260709909058,23
"Sxan",0.00305838361452758,24
"Sxan",0.00370508313910701,25
"Sxan",0.00446720793795916,26
"Sxan",0.00536043002899323,27
"Sxan",0.00640148712545538,28
"Sxan",0.00760802580103727,29
"Sxan",0.00899838622495153,30
"Sxan",0.0105913241988177,31
"Sxan",0.0124056681825156,32
"Sxan",0.0144599115361109,33
"Sxan",0.0167717432980689,34
"Sxan",0.0193575243786949,35
"Sxan",0.0222317199208144,36
"Sxan",0.0254063025501059,37
"Sxan",0.0288901450281823,38
"Sxan",0.0326884241106183,39
"Sxan",0.0368020598582434,40
"Sxan",0.0412272159264263,41
"Sxan",0.0459548861919281,42
"Sxan",0.0509705912944274,43
"Sxan",0.0562542052262376,44
"Sxan",0.0617799271110839,45
"Sxan",0.0675164070448195,46
"Sxan",0.0734270277475123,47
"Sxan",0.0794703363263539,48
"Sxan",0.0856006132554579,49
"Sxan",0.091768559314099,50
"Sxan",0.0979220761849355,51
"Sxan",0.104007113061193,52
"Sxan",0.109968550138783,53
"Sxan",0.115751090282576,54
"Sxan",0.121300132286467,55
"Sxan",0.126562602680721,56
"Sxan",0.131487727564569,57
"Sxan",0.13602773099812,58
"Sxan",0.140138451621085,59
"Sxan",0.14377987397039,60
"Sxan",0.146916575117288,61
"Sxan",0.149518090506374,62
"Sxan",0.151559205123492,63
"Sxan",0.153020177311568,64
"Sxan",0.153886902738849,65
"Sxan",0.154151025314457,66
"Sxan",0.153810000401836,67
"Sxan",0.152867113695284,68
"Sxan",0.15133145681323,69
"Sxan",0.149217858250281,70
"Sxan",0.146546766047609,71
"Sxan",0.143344076613108,72
"Sxan",0.139640902761624,73
"Sxan",0.135473273441847,74
"Sxan",0.130881757924898,75
"Sxan",0.125911008554517,76
"Sxan",0.120609218536622,77
"Sxan",0.115027494629827,78
"Sxan",0.109219148845401,79
"Sxan",0.103238918131622,80
"Sxan",0.0971421261649233,81
"Sxan",0.0909838063845385,82
"Sxan",0.0848178098308645,83
"Sxan",0.0786959247244545,84
"Sxan",0.0726670366494023,85
"Sxan",0.066776358384158,86
"Sxan",0.0610647567065284,87
"Sxan",0.0555681999179703,88
"Sxan",0.0503173446004525,89
"Sxan",0.0453372736195115,90
"Sxan",0.0406473901284637,91
"Sxan",0.0362614648884355,92
"Sxan",0.032187827176669,93
"Sxan",0.0284296834292367,94
"Sxan",0.0249855429567768,95
"Sxan",0.0218497268367128,96
"Sxan",0.0190129345141179,97
"Sxan",0.0164628426737197,98
"Sxan",0.0141847123873547,99
"Sxan",0.0121619831133316,100
"Sxan",0.0103768354958999,101
"Sxan",0.00881070874368955,102
"Sxan",0.00744476233824863,103
"Sxan",0.00626027566758882,104
"Sxan",0.00523898268617574,105
"Sxan",0.00436334172915732,106
"Sxan",0.00361674307490636,107
"Sxan",0.00298365873108736,108
"Sxan",0.00244974023408267,109
"Sxan",0.00200187104997588,110
"Sxan",0.00162818051766297,111
"Sxan",0.00131802626128791,112
"Sxan",0.00106195170222372,113
"Sxan",0.000851624798392368,114
"Sxan",0.000679763501057901,115
"Sxan",0.000540052706435594,116
"Sxan",0.000427056740632306,117
"Sxan",0.000336130689801777,118
"Sxan",0.000263333201101566,119
"Sxan",0.000205342753307156,120
"Sxan",0.00015937884045568,121
"Sxan",0.000123129033197947,122
"Sxan",9.46824813714525e-05,123
"Sxan",7.24700948280097e-05,124
"Sxan",5.52113824003195e-05,125
"Sxan",4.18677341008507e-05,126
"Sxan",3.16017913610249e-05,127
"Sxan",2.37424561866225e-05,128
"Sxan",1.77550345139341e-05,129
"Sxan",1.32159842462261e-05,130
